Name,Profile Link,Title,Location,Rate per Hour,Job Success Score,Total Earnings,Category
ITYPETech,https://www.freelancer.pk/u/ITYPETech,Logo | Website | Layout | Top Branding Agency,India,$30 USD / hour,5.0,10.0,graphic-design
shaikchandini583,https://www.freelancer.pk/u/shaikchandini583,*Graphic designing*Translator*,India,$15 USD / hour,4.9,7.5,graphic-design
AttariBros,https://www.freelancer.pk/u/AttariBros,Graphics | Logo | Photoshop | PPT | Illustration,Pakistan,$25 USD / hour,4.8,9.3,graphic-design
dreamdezine,https://www.freelancer.pk/u/dreamdezine,Where imagination & art meet.,Pakistan,$25 USD / hour,4.9,9.2,graphic-design
Emdyarts,https://www.freelancer.pk/u/Emdyarts,Logo | Branding | Brochure | Illustration | PPT,India,$15 USD / hour,4.9,9.0,graphic-design
avtar1073,https://www.freelancer.pk/u/avtar1073,3D WORK STUDIO,India,$25 USD / hour,5.0,9.0,graphic-design
iarena,https://www.freelancer.pk/u/iarena,Logo/Illustration/Flyer/Branding/(Rupa G),India,$45 USD / hour,5.0,8.6,graphic-design
shelinakhoja2,https://www.freelancer.pk/u/shelinakhoja2,Design | Web & Mobile Development,Canada,$30 USD / hour,4.9,7.8,graphic-design
alauddinh957,https://www.freelancer.pk/u/alauddinh957,PORTRAIT | UI  | BRANDING | PACKAGING | PHOTOSHOP,Bangladesh,$20 USD / hour,5.0,8.2,graphic-design
joyantabanik8881,https://www.freelancer.pk/u/joyantabanik8881,Graphic designer,Bangladesh,$20 USD / hour,4.9,7.8,graphic-design
mikehurley,https://www.freelancer.pk/u/mikehurley,"SEO Expert, Backlinks, Meta-Google Ad, Guest Post",India,$25 USD / hour,4.9,100,seo
weblinkbuilding,https://www.freelancer.pk/u/weblinkbuilding,White Hat SEO|SMM|Google Ads|Wordpress|Shopify,India,$8 USD / hour,4.9,100,seo
akshay0507,https://www.freelancer.pk/u/akshay0507,SEO | Google Ads | SMO | SMM |Guest Post,India,$4 USD / hour,4.9,80.745,seo
mikehurley,https://www.freelancer.pk/u/mikehurley,"SEO Expert, Backlinks, Meta-Google Ad, Guest Post",India,$25 USD / hour,4.9,10.0,seo
weblinkbuilding,https://www.freelancer.pk/u/weblinkbuilding,White Hat SEO|SMM|Google Ads|Wordpress|Shopify,India,$8 USD / hour,4.9,10.0,seo
seo4quality,https://www.freelancer.pk/u/seo4quality,Google #1 Rank | Google Ads | White Hat SEO,India,$2 USD / hour,4.8,9.7,seo
seojohn061,https://www.freelancer.pk/u/seojohn061,"Google SEO, #1 Rank In Google, PPC, WordPress Dev",India,$5 USD / hour,4.9,8.9,seo
SEOIdeal,https://www.freelancer.pk/u/SEOIdeal,SEO - No #1 Ranking on Google & Organic Traffic!!!,India,$2 USD / hour,5.0,8.4,seo
seoempowerment,https://www.freelancer.pk/u/seoempowerment,Professional SEO Service provider | Google Adwords,India,$12 USD / hour,5.0,9.9,seo
MasterUday,https://www.freelancer.pk/u/MasterUday,Top Rated- SEO services | Google Ads| Meta Ads,India,$10 USD / hour,5.0,9.0,seo
mahipal7,https://www.freelancer.pk/u/mahipal7,"Rank #1 Google, Organic Traffic, High DA Backlinks",India,$15 USD / hour,5.0,9.3,seo
BestSEOProviders,https://www.freelancer.pk/u/BestSEOProviders,Certified SEO-SMO-SMM-PPC-WordPress Experts,India,$15 USD / hour,4.9,8.7,seo
RajshreePvtltd,https://www.freelancer.pk/u/RajshreePvtltd,"SEO, Link Building, #1 Rank In Google, Marketing",India,$10 USD / hour,4.9,9.3,seo
